Order Date,Quantity,Sales,Customer ID
2014-01-03,2,16.448,1
2014-01-04,8,288.06,1
2014-01-05,3,19.536,1
2014-01-06,30,4407.1,3
2014-01-07,10,87.15799999999999,1
2014-01-09,5,40.544,1
2014-01-10,2,54.83,1
2014-01-11,2,9.94,1
2014-01-13,48,3553.795,4
2014-01-14,4,61.96,1
2014-01-15,5,149.95,1
2014-01-16,14,299.964,1
2014-01-18,4,64.864,1
2014-01-19,24,378.594,1
2014-01-20,58,2673.87,4
2014-01-21,3,25.248,1
2014-01-23,9,46.019999999999996,2
2014-01-26,38,1097.25,2
2014-01-27,8,426.67,1
2014-01-28,1,3.928,1
2014-01-30,4,240.5,1
2014-01-31,2,290.666,1
2014-02-01,6,468.9,1
2014-02-02,12,211.64600000000002,2
2014-02-03,5,97.11200000000001,1
2014-02-04,9,134.38400000000001,2
2014-02-06,12,330.512,2
2014-02-07,11,180.32,2
2014-02-08,2,14.56,1
2014-02-11,25,2043.4,2
2014-02-12,2,129.568,1
2014-02-14,10,576.726,2
2014-02-15,5,21.36,1
2014-02-16,5,9.04,1
2014-02-17,14,54.208,1
2014-02-18,7,37.784,2
2014-02-20,9,95.59,2
2014-02-21,5,8.85,1
2014-02-22,3,19.44,1
2014-02-23,6,11.364,1
2014-02-24,7,55.672,1
2014-02-27,4,19.456,1
2014-03-01,40,2203.151,5
2014-03-02,11,202.384,2
2014-03-03,35,1345.8919999999998,5
2014-03-04,8,370.452,2
2014-03-05,16,705.562,1
2014-03-07,27,1561.062,3
2014-03-10,9,741.956,2
2014-03-11,39,918.314,4
2014-03-14,38,2108.55,5
2014-03-15,14,370.78200000000004,1
2014-03-16,2,471.92,1
2014-03-17,82,3960.358,5
2014-03-18,48,28106.716,3
2014-03-19,23,590.762,1
2014-03-21,39,4109.816,4
2014-03-22,17,464.09299999999996,3
2014-03-23,11,945.064,2
2014-03-24,7,65.38,2
2014-03-25,21,459.146,2
2014-03-26,16,145.13,3
2014-03-28,11,1823.8039999999999,3
2014-03-29,3,890.841,1
2014-03-30,39,1170.3220000000001,6
2014-03-31,29,1959.552,5
2014-04-01,12,119.88799999999999,2
2014-04-02,29,1458.558,3
2014-04-03,7,233.45,1
2014-04-04,25,475.844,4
2014-04-05,54,5295.098000000001,5
2014-04-06,38,1650.69,5
2014-04-07,22,1021.1700000000001,3
2014-04-08,27,1958.75,5
2014-04-11,37,1915.24,4
2014-04-12,35,1912.123,3
2014-04-13,42,638.576,2
2014-04-15,6,294.71999999999997,1
2014-04-16,6,39.072,1
2014-04-18,26,1020.532,2
2014-04-19,17,205.47,2
2014-04-20,16,1250.45,2
2014-04-21,11,845.36,2
2014-04-22,11,257.752,1
2014-04-23,20,643.98,3
2014-04-25,21,2379.9939999999997,3
2014-04-26,16,282.568,2
2014-04-28,29,2578.476,4
2014-04-29,16,768.8439999999999,4
2014-04-30,13,1048.74,2
2014-05-02,5,506.12,2
2014-05-03,13,72.632,2
2014-05-04,25,187.43200000000002,4
2014-05-05,15,260.977,4
2014-05-06,16,254.456,2
2014-05-07,12,1091.35,1
2014-05-08,5,1799.97,1
2014-05-09,25,394.48,2
2014-05-10,34,2343.799,3
2014-05-11,32,1642.802,5
2014-05-12,10,734.846,2
2014-05-13,23,898.382,4
2014-05-14,2,310.88,1
2014-05-16,8,289.28,2
2014-05-17,3,91.68,1
2014-05-18,10,948.9480000000001,3
2014-05-19,14,91.62,2
2014-05-20,32,320.10400000000004,2
2014-05-21,46,4264.3279999999995,4
2014-05-22,3,180.93,1
2014-05-23,23,323.75800000000004,3
2014-05-24,3,116.28,1
2014-05-25,6,119.53999999999999,2
2014-05-26,21,1325.718,4
2014-05-27,33,2157.394,3
2014-05-28,14,221.96800000000002,2
2014-05-30,27,1924.913,5
2014-05-31,6,773.7,1
2014-06-01,55,5188.5199999999995,4
2014-06-02,16,738.598,2
2014-06-03,22,741.336,3
2014-06-04,12,456.272,2
2014-06-06,34,1374.0010000000002,5
2014-06-07,6,281.397,2
2014-06-08,14,2501.264,3
2014-06-09,66,5463.008,5
2014-06-10,5,491.55,1
2014-06-13,3,14.52,1
2014-06-14,3,212.94,1
2014-06-15,11,942.9739999999999,2
2014-06-16,20,763.792,2
2014-06-17,16,3418.5020000000004,3
2014-06-18,5,139.8,1
2014-06-20,32,1828.9496,2
2014-06-21,56,4107.443,7
2014-06-22,26,1975.498,4
2014-06-23,13,109.49600000000001,2
2014-06-24,2,4.272,1
2014-06-25,22,792.76,2
2014-06-27,10,616.14,1
2014-06-28,24,1645.791,2
2014-06-29,10,46.68,2
2014-06-30,38,739.624,6
2014-07-01,13,601.0239999999999,2
2014-07-02,3,79.56,1
2014-07-04,14,247.40800000000002,2
2014-07-05,41,1444.104,5
2014-07-06,3,1038.472,2
2014-07-07,4,241.19400000000002,1
2014-07-08,10,763.0740000000001,2
2014-07-09,30,265.521,3
2014-07-11,43,2187.206,4
2014-07-12,58,1960.012,5
2014-07-13,3,351.216,1
2014-07-14,27,292.594,5
2014-07-15,6,9.51,1
2014-07-18,6,273.04,2
2014-07-19,8,461.326,2
2014-07-20,44,2285.786,5
2014-07-21,24,1961.482,3
2014-07-22,31,1348.344,4
2014-07-23,43,2613.1839999999997,3
2014-07-25,22,8341.289999999999,2
2014-07-26,76,5039.994,5
2014-07-27,15,580.06,3
2014-07-28,18,193.152,1
2014-07-30,8,1367.84,1
2014-08-01,15,228.328,3
2014-08-02,9,886.28,1
2014-08-03,20,477.994,3
2014-08-04,51,2743.154,2
2014-08-05,37,2408.7239999999997,5
2014-08-06,5,262.89,2
2014-08-08,55,3955.629,5
2014-08-09,35,3605.6850000000004,6
2014-08-11,5,451.62,2
2014-08-12,61,1832.38,4
2014-08-15,38,842.7819999999999,3
2014-08-16,6,853.092,1
2014-08-17,23,500.342,2
2014-08-19,29,1439.106,5
2014-08-20,18,1838.722,2
2014-08-22,6,23.104,3
2014-08-23,44,565.224,4
2014-08-24,10,59.74,3
2014-08-25,67,1451.6499999999999,5
2014-08-26,22,366.81,3
2014-08-27,23,2070.13,3
2014-08-29,13,832.3225,2
2014-08-30,8,121.24,1
2014-08-31,9,92.52,1
2014-09-01,17,469.436,3
2014-09-02,28,3254.15,7
2014-09-03,10,22.08,2
2014-09-05,4,296.304,2
2014-09-06,14,100.36,1
2014-09-07,78,3523.875,7
2014-09-08,112,14228.428,11
2014-09-09,56,4043.5879999999997,6
2014-09-10,23,1855.2279999999998,3
2014-09-11,3,127.95,1
2014-09-12,39,4904.66,6
2014-09-13,53,1275.408,7
2014-09-14,77,5023.716,6
2014-09-15,9,133.436,2
2014-09-16,1,33.552,1
2014-09-17,53,820.523,5
2014-09-19,38,9338.637,7
2014-09-20,63,5335.968000000001,8
2014-09-21,55,2679.652,7
2014-09-22,24,1240.266,4
2014-09-23,48,10662.337000000001,7
2014-09-24,4,211.96,1
2014-09-25,16,354.88880000000006,2
2014-09-26,49,1480.614,8
2014-09-27,10,773.4399999999999,2
2014-09-28,17,490.29200000000003,3
2014-09-29,73,8109.07,5
2014-09-30,26,987.532,6
2014-10-01,1,4.71,1
2014-10-02,18,598.144,1
2014-10-03,37,862.683,5
2014-10-04,16,728.7479999999999,3
2014-10-05,7,191.9,2
2014-10-06,12,494.71,4
2014-10-07,15,237.35999999999999,2
2014-10-08,7,147.392,2
2014-10-09,6,249.35999999999999,2
2014-10-10,42,2049.386,5
2014-10-11,33,1381.164,5
2014-10-12,8,58.53,2
2014-10-13,35,2212.182,4
2014-10-14,57,4525.484,4
2014-10-15,5,206.72400000000002,2
2014-10-16,6,194.322,1
2014-10-17,10,136.068,2
2014-10-18,39,3134.916,4
2014-10-19,27,641.104,3
2014-10-20,20,1501.104,3
2014-10-21,20,1356.602,3
2014-10-22,8,223.808,2
2014-10-24,8,56.49,3
2014-10-25,10,103.882,2
2014-10-26,9,447.88,1
2014-10-27,5,22.32,1
2014-10-28,19,1510.5819999999999,2
2014-10-29,10,2813.8120000000004,2
2014-10-31,83,5362.026,5
2014-11-01,81,4732.08,9
2014-11-02,49,2126.37,6
2014-11-03,52,2784.163,8
2014-11-04,50,6693.7480000000005,6
2014-11-05,31,1694.564,4
2014-11-06,6,43.68,1
2014-11-07,57,1449.142,6
2014-11-08,3,333.576,1
2014-11-09,36,1574.094,2
2014-11-10,49,2002.556,2
2014-11-11,93,8114.548,9
2014-11-12,35,1054.7612,5
2014-11-14,37,1034.73,5
2014-11-15,29,1780.822,4
2014-11-16,36,1355.9285,5
2014-11-17,58,11544.274,7
2014-11-18,76,3406.855,9
2014-11-19,51,7226.086,7
2014-11-20,16,907.5600000000001,1
2014-11-21,24,1249.622,4
2014-11-22,30,1103.298,5
2014-11-23,36,1363.28,7
2014-11-24,75,5578.606,11
2014-11-25,58,4415.695,6
2014-11-26,52,1705.99,5
2014-11-27,7,203.66,2
2014-11-28,55,2280.83,7
2014-11-29,13,649.044,4
2014-11-30,24,219.154,3
2014-12-01,46,5624.39,6
2014-12-02,64,1771.808,6
2014-12-03,8,505.88,2
2014-12-04,2,129.98,1
2014-12-05,69,2963.642,7
2014-12-06,36,1970.978,5
2014-12-07,17,548.4,4
2014-12-08,53,1095.12,4
2014-12-09,28,1522.652,5
2014-12-10,20,573.336,2
2014-12-12,36,4938.4045,5
2014-12-13,18,293.152,5
2014-12-14,23,7641.658,5
2014-12-15,19,1264.466,4
2014-12-16,63,4394.187,8
2014-12-17,7,45.534,2
2014-12-19,53,3436.7599999999998,4
2014-12-20,81,6962.4400000000005,10
2014-12-21,17,1933.44,3
2014-12-22,32,798.968,4
2014-12-23,29,942.108,4
2014-12-24,32,1950.202,5
2014-12-26,55,2041.414,7
2014-12-27,65,2966.388,9
2014-12-28,33,3732.2960000000003,3
2014-12-29,67,2072.096,7
2014-12-30,43,2172.6510000000003,7
2014-12-31,63,5253.2699999999995,7
2015-01-02,29,1932.096,2
2015-01-03,19,1768.2215999999999,2
2015-01-04,22,264.46000000000004,2
2015-01-05,20,295.272,3
2015-01-06,7,31.538,1
2015-01-09,13,364.07,1
2015-01-10,4,1018.104,1
2015-01-12,16,854.614,2
2015-01-13,18,622.278,2
2015-01-17,17,350.384,3
2015-01-19,5,301.742,1
2015-01-23,5,43.66,1
2015-01-24,5,13.12,1
2015-01-26,8,182.72,1
2015-01-27,12,3573.252,2
2015-01-28,13,4297.644,1
2015-01-30,16,2161.6400000000003,2
2015-01-31,7,99.26,1
2015-02-03,22,492.836,5
2015-02-06,34,2432.544,4
2015-02-07,7,324.10999999999996,1
2015-02-08,8,129.09199999999998,2
2015-02-09,19,785.5519999999999,4
2015-02-10,5,77.24,1
2015-02-14,23,1079.962,2
2015-02-15,31,1602.38,2
2015-02-16,16,160.43,2
2015-02-18,6,105.844,2
2015-02-20,8,316.78000000000003,2
2015-02-21,6,2591.1,2
2015-02-22,4,79.36,1
2015-02-23,8,37.775999999999996,1
2015-02-25,5,25.869999999999997,1
2015-02-27,27,1159.2710000000002,3
2015-02-28,10,551.264,1
2015-03-01,23,1642.1743999999999,5
2015-03-02,10,899.5699999999999,2
2015-03-05,57,1969.267,7
2015-03-06,9,1555.244,1
2015-03-07,10,807.54,1
2015-03-08,29,2563.2960000000003,4
2015-03-09,10,478.008,2
2015-03-10,8,90.93199999999999,2
2015-03-12,12,51.016000000000005,2
2015-03-13,14,1384.856,2
2015-03-14,10,707.9000000000001,2
2015-03-15,3,16.776,1
2015-03-16,27,7230.209999999999,6
2015-03-17,3,48.84,1
2015-03-19,45,5652.9396,7
2015-03-20,40,1548.194,4
2015-03-21,21,1270.3790000000001,1
2015-03-22,43,2481.424,5
2015-03-23,28,633.302,4
2015-03-24,10,412.95,3
2015-03-26,30,4623.37,4
2015-03-27,5,83.7,1
2015-03-28,13,243.344,3
2015-03-29,30,1559.0800000000002,5
2015-03-30,14,571.224,2
2015-03-31,11,200.716,2
2015-04-02,23,299.22,4
2015-04-04,20,1484.598,2
2015-04-05,56,2974.058,5
2015-04-06,25,140.004,2
2015-04-07,23,907.436,3
2015-04-09,9,757.992,3
2015-04-10,9,169.54199999999997,2
2015-04-11,20,1328.346,3
2015-04-12,3,40.74,1
2015-04-13,40,3192.6780000000003,8
2015-04-14,1,35.208,1
2015-04-16,54,4161.972,5
2015-04-17,34,2745.106,2
2015-04-18,57,2006.96,6
2015-04-19,6,329.96,1
2015-04-20,16,1194.726,3
2015-04-21,13,893.0899999999999,1
2015-04-22,6,152.916,1
2015-04-24,1,25.99,1
2015-04-25,23,920.946,5
2015-04-26,27,2090.1055,4
2015-04-27,21,2719.59,2
2015-04-28,14,4044.3619999999996,2
2015-04-29,2,7.968,1
2015-04-30,40,1571.695,4
2015-05-01,21,450.94,3
2015-05-02,6,167.232,1
2015-05-03,45,2198.76,4
2015-05-04,23,1121.362,4
2015-05-07,8,305.622,2
2015-05-08,36,3981.968,5
2015-05-09,3,48.81,1
2015-05-10,11,154.442,2
2015-05-11,7,191.968,1
2015-05-12,34,1060.35,5
2015-05-13,6,238.384,1
2015-05-14,46,3141.1994999999997,3
2015-05-15,5,69.908,2
2015-05-16,4,255.968,1
2015-05-17,22,134.46800000000002,2
2015-05-18,2,10.86,1
2015-05-20,8,169.54399999999998,1
2015-05-21,14,72.332,3
2015-05-22,22,3862.0980000000004,1
2015-05-23,31,1304.956,4
2015-05-24,13,610.3069999999999,1
2015-05-25,36,1739.4180000000001,5
2015-05-26,23,982.5640000000001,3
2015-05-28,30,794.146,4
2015-05-29,31,1204.842,4
2015-05-30,12,681.1,2
2015-05-31,76,5178.138,8
2015-06-01,37,834.1980000000001,3
2015-06-04,16,1192.31,3
2015-06-05,11,1533.1979999999999,2
2015-06-07,17,59.768,2
2015-06-08,40,1083.112,2
2015-06-09,25,797.116,4
2015-06-11,47,3373.5640000000003,2
2015-06-12,15,174.476,4
2015-06-13,28,1128.898,5
2015-06-14,6,51.072,1
2015-06-15,18,734.144,3
2015-06-16,15,3443.904,3
2015-06-18,46,1883.087,5
2015-06-19,15,446.346,4
2015-06-20,18,829.544,3
2015-06-21,3,107.976,1
2015-06-22,13,2018.953,3
2015-06-23,19,836.9580000000001,3
2015-06-25,37,857.08,4
2015-06-26,30,1592.1960000000001,4
2015-06-28,22,1386.466,3
2015-06-29,8,432.92600000000004,4
2015-07-02,46,1631.902,5
2015-07-03,17,823.982,2
2015-07-04,9,1138.288,3
2015-07-05,23,121.646,4
2015-07-06,24,1379.812,4
2015-07-08,5,21.12,1
2015-07-09,54,1587.114,5
2015-07-10,5,43.286,2
2015-07-11,52,1941.952,3
2015-07-12,32,2052.567,2
2015-07-13,25,2033.2559999999999,3
2015-07-14,15,860.9159999999999,1
2015-07-16,36,3029.386,3
2015-07-17,14,448.082,3
2015-07-18,10,672.418,3
2015-07-19,1,2.025,1
2015-07-20,41,2693.168,2
2015-07-23,9,208.272,2
2015-07-24,32,525.95,1
2015-07-25,31,2395.024,4
2015-07-26,24,969.225,5
2015-07-27,3,29.97,1
2015-07-30,23,443.802,3
2015-07-31,26,3712.162,3
2015-08-01,10,1011.696,1
2015-08-02,16,1290.478,3
2015-08-05,16,72.65,1
2015-08-06,16,494.86920000000003,2
2015-08-07,35,968.206,5
2015-08-08,17,840.102,3
2015-08-09,55,4878.392000000001,5
2015-08-10,28,851.4739999999999,3
2015-08-11,7,196.112,2
2015-08-13,25,586.896,6
2015-08-15,12,497.59000000000003,2
2015-08-16,46,3378.9320000000002,3
2015-08-17,25,381.64,2
2015-08-21,55,2827.52,5
2015-08-22,10,66.632,2
2015-08-23,46,1202.278,2
2015-08-24,62,7194.775000000001,6
2015-08-25,13,178.52599999999998,2
2015-08-27,13,639.9739999999999,3
2015-08-28,48,6491.293,4
2015-08-29,9,246.5,1
2015-08-31,34,2601.797,4
2015-09-01,21,2367.564,2
2015-09-03,40,1874.898,7
2015-09-04,23,1071.284,4
2015-09-05,39,934.1030000000001,4
2015-09-06,30,1005.654,8
2015-09-07,51,2922.667,7
2015-09-08,19,89.64,2
2015-09-10,35,1415.726,7
2015-09-11,52,1962.13,5
2015-09-12,21,707.824,3
2015-09-13,54,3445.772,6
2015-09-14,33,3262.42,5
2015-09-15,44,2535.85,5
2015-09-16,4,31.12,1
2015-09-17,86,11525.006,7
2015-09-18,62,3924.32,6
2015-09-19,30,500.38,6
2015-09-20,37,1836.052,5
2015-09-21,75,6982.058,7
2015-09-22,33,1783.504,5
2015-09-24,70,4220.594,10
2015-09-25,59,3033.757,11
2015-09-26,93,3722.273,7
2015-09-27,42,2382.958,5
2015-09-28,33,1058.364,4
2015-10-01,21,1158.414,3
2015-10-02,62,1269.266,9
2015-10-03,14,275.218,3
2015-10-04,12,505.58,3
2015-10-05,23,851.092,5
2015-10-08,10,222.12,3
2015-10-09,48,2133.5350000000003,5
2015-10-10,22,2248.194,4
2015-10-11,8,1011.8955,2
2015-10-12,40,2390.758,4
2015-10-13,10,371.65999999999997,1
2015-10-15,33,3219.554,5
2015-10-16,3,824.97,1
2015-10-17,2,77.88,1
2015-10-18,17,378.494,2
2015-10-19,23,2135.09,4
2015-10-20,21,720.086,3
2015-10-22,5,15.128,2
2015-10-23,59,2262.296,5
2015-10-24,24,831.145,3
2015-10-25,24,1425.412,4
2015-10-26,37,1395.333,3
2015-10-28,16,104.51,1
2015-10-29,9,244.24,1
2015-10-30,21,2122.044,4
2015-10-31,67,3211.009,5
2015-11-01,35,3106.1059999999998,7
2015-11-02,59,5528.551,7
2015-11-03,25,2800.846,3
2015-11-05,33,834.874,7
2015-11-06,6,11.481,1
2015-11-07,56,3073.073,6
2015-11-08,113,12196.997,11
2015-11-09,47,4620.2919999999995,6
2015-11-10,25,3536.904,4
2015-11-11,9,542.178,1
2015-11-12,37,1127.992,4
2015-11-13,96,3591.0771999999997,10
2015-11-14,40,2512.71,5
2015-11-15,47,702.17,4
2015-11-16,45,4072.334,5
2015-11-17,47,3885.986,3
2015-11-19,12,1040.784,3
2015-11-20,102,2861.15,13
2015-11-21,78,3613.5748,8
2015-11-22,52,614.499,9
2015-11-23,39,3450.1879999999996,3
2015-11-24,49,1218.7640000000001,3
2015-11-25,5,13.12,1
2015-11-26,27,1484.0819999999999,3
2015-11-27,60,3109.7835,8
2015-11-28,58,1864.482,8
2015-11-29,43,2760.168,5
2015-11-30,65,1798.3970000000002,8
2015-12-01,62,7130.594,7
2015-12-03,41,1972.645,7
2015-12-04,72,5185.814,7
2015-12-05,38,897.322,8
2015-12-06,110,6061.502,12
2015-12-07,29,1338.298,5
2015-12-08,31,2672.728,4
2015-12-09,3,34.02,1
2015-12-10,70,3080.38,8
2015-12-11,71,1590.894,7
2015-12-12,47,1448.854,8
2015-12-13,27,1023.386,4
2015-12-14,28,858.304,8
2015-12-15,37,5494.796,4
2015-12-16,1,4.98,1
2015-12-17,43,1918.492,3
2015-12-18,37,935.288,5
2015-12-19,52,6120.656,7
2015-12-20,28,1107.464,8
2015-12-21,49,3257.7599999999998,6
2015-12-22,13,473.313,2
2015-12-23,4,194.32,1
2015-12-24,80,7484.566000000001,7
2015-12-25,47,4204.968,8
2015-12-26,15,561.486,4
2015-12-27,95,5148.4472,10
2015-12-28,4,79.2,2
2015-12-29,2,6.36,1
2015-12-30,18,3251.34,1
2015-12-31,49,1381.344,5
2016-01-02,5,405.91999999999996,1
2016-01-03,21,2095.83,3
2016-01-04,11,1069.22,2
2016-01-05,10,255.904,1
2016-01-07,9,83.576,2
2016-01-08,25,1859.1580000000001,2
2016-01-09,16,743.0459999999999,2
2016-01-10,11,174.75,2
2016-01-11,22,149.444,2
2016-01-14,10,405.344,1
2016-01-15,26,701.923,4
2016-01-16,5,102.21799999999999,1
2016-01-17,11,1040.55,2
2016-01-21,9,1167.056,1
2016-01-22,48,917.63,7
2016-01-23,28,1732.3,2
2016-01-24,4,31.36,1
2016-01-25,24,858.712,2
2016-01-28,2,39.68,1
2016-01-30,41,3107.316,5
2016-01-31,20,1601.5539999999999,4
2016-02-01,9,161.97,2
2016-02-02,24,8996.784,3
2016-02-03,4,866.4,1
2016-02-04,6,197.868,3
2016-02-05,55,2994.476,2
2016-02-06,4,132.224,1
2016-02-07,14,762.142,3
2016-02-08,7,1369.476,2
2016-02-09,5,121.83,1
2016-02-11,7,69.93,1
2016-02-12,10,1366.04,1
2016-02-13,3,146.82,1
2016-02-14,20,837.921,2
2016-02-15,7,407.072,1
2016-02-16,27,1135.638,4
2016-02-19,13,392.65999999999997,2
2016-02-20,2,16.496,1
2016-02-21,42,1524.126,4
2016-02-22,18,983.17,2
2016-02-23,3,57.576,1
2016-02-25,5,46.72,1
2016-02-27,8,243.892,3
2016-02-28,6,36.48,1
2016-02-29,7,111.104,1
2016-03-01,20,6285.8060000000005,2
2016-03-03,59,7264.422,6
2016-03-04,10,315.45,4
2016-03-05,4,162.344,1
2016-03-06,20,811.303,2
2016-03-07,3,21.072,1
2016-03-08,54,2190.81,6
2016-03-09,18,635.6,2
2016-03-10,22,7879.734,5
2016-03-11,18,896.0219999999999,4
2016-03-12,24,1694.6419999999998,4
2016-03-13,70,8866.882,6
2016-03-14,28,669.3679999999999,5
2016-03-15,37,2356.808,4
2016-03-17,21,2360.3340000000003,4
2016-03-18,6,1061.682,2
2016-03-19,9,138.68,3
2016-03-20,23,928.311,4
2016-03-21,13,645.7059999999999,2
2016-03-22,9,226.46800000000002,2
2016-03-24,10,745.774,3
2016-03-25,8,1346.97,2
2016-03-26,19,682.246,3
2016-03-27,7,92.69999999999999,1
2016-03-28,7,125.30000000000001,2
2016-03-29,48,2659.339,3
2016-03-30,1,11.34,1
2016-03-31,11,640.762,2
2016-04-01,61,2161.48,7
2016-04-02,5,1454.9,1
2016-04-03,20,441.198,3
2016-04-04,15,970.194,3
2016-04-05,14,1046.3339999999998,2
2016-04-06,5,1294.75,1
2016-04-07,16,1970.574,5
2016-04-08,76,2906.404,8
2016-04-09,18,1115.197,3
2016-04-10,32,950.594,4
2016-04-12,34,1542.53,4
2016-04-13,3,6.12,1
2016-04-14,20,1466.572,4
2016-04-15,33,2201.8559999999998,4
2016-04-16,31,9335.086000000001,4
2016-04-17,22,421.08500000000004,4
2016-04-18,29,2514.538,4
2016-04-19,47,1414.132,3
2016-04-21,31,271.616,3
2016-04-22,37,1765.4650000000001,5
2016-04-23,35,720.368,4
2016-04-24,15,1607.1,3
2016-04-25,7,108.42,1
2016-04-26,3,434.646,1
2016-04-28,14,486.672,4
2016-04-30,12,142.208,3
2016-05-01,13,517.866,2
2016-05-02,42,1098.136,6
2016-05-03,31,1099.013,2
2016-05-05,40,2701.28,8
2016-05-06,20,236.96,3
2016-05-07,32,4835.976,1
2016-05-08,16,1340.2440000000001,3
2016-05-09,48,1283.512,7
2016-05-10,6,763.0200000000001,3
2016-05-11,1,5.98,1
2016-05-12,25,918.878,5
2016-05-14,37,455.93,3
2016-05-15,26,648.9119999999999,4
2016-05-16,20,880.4599999999999,3
2016-05-17,36,346.922,3
2016-05-18,6,122.22,1
2016-05-19,42,1582.008,5
2016-05-20,23,2471.913,4
2016-05-21,31,2718.2140000000004,5
2016-05-22,29,1799.2,3
2016-05-23,23,10560.978000000001,4
2016-05-24,12,277.756,2
2016-05-25,15,1311.97,1
2016-05-26,58,1975.356,6
2016-05-27,27,5305.078,3
2016-05-28,56,2137.324,5
2016-05-29,18,1063.185,2
2016-05-30,109,8090.578,10
2016-05-31,21,438.85900000000004,2
2016-06-02,19,157.844,2
2016-06-03,2,71.088,1
2016-06-04,38,2316.5229999999997,3
2016-06-05,30,659.82,4
2016-06-06,67,6026.312,7
2016-06-07,13,51.562,3
2016-06-09,11,1688.4720000000002,4
2016-06-10,19,1412.3960000000002,2
2016-06-11,40,1623.416,4
2016-06-12,94,2962.563,8
2016-06-13,8,430.43800000000005,3
2016-06-14,38,3457.099,6
2016-06-15,7,173.488,1
2016-06-16,9,147.27499999999998,3
2016-06-17,60,3000.92,7
2016-06-18,9,541.938,2
2016-06-19,2,17.12,1
2016-06-20,59,1229.548,6
2016-06-21,14,577.108,2
2016-06-23,48,2475.094,4
2016-06-24,23,5310.952,4
2016-06-25,20,893.266,3
2016-06-26,57,1919.6000000000001,9
2016-06-27,12,778.7059999999999,2
2016-06-28,20,877.156,3
2016-06-29,6,191.88,1
2016-06-30,17,1352.9499999999998,2
2016-07-01,25,1724.376,4
2016-07-02,16,772.786,3
2016-07-03,16,847.6999999999999,3
2016-07-04,27,1651.301,2
2016-07-07,59,3882.2309999999998,6
2016-07-08,41,2616.512,5
2016-07-09,6,573.286,1
2016-07-10,18,895.895,4
2016-07-12,6,95.76,1
2016-07-14,79,2149.96,10
2016-07-15,13,380.2,2
2016-07-16,44,910.17,4
2016-07-17,51,2184.88,5
2016-07-18,46,2891.858,6
2016-07-19,29,1536.454,2
2016-07-20,5,89.95,1
2016-07-21,27,991.095,4
2016-07-22,43,1368.048,5
2016-07-23,31,654.587,4
2016-07-24,7,326.964,2
2016-07-25,90,5920.488,10
2016-07-28,36,2033.374,4
2016-07-29,13,819.154,3
2016-07-30,11,1770.7759999999998,3
2016-07-31,19,2174.1580000000004,2
2016-08-01,8,1124.648,3
2016-08-02,7,482.584,1
2016-08-03,15,248.82,1
2016-08-04,27,497.90999999999997,3
2016-08-05,7,197.05,1
2016-08-06,15,320.38800000000003,3
2016-08-07,3,179.97,1
2016-08-08,25,1115.204,4
2016-08-09,23,661.3539999999999,2
2016-08-11,14,151.82,1
2016-08-12,29,3951.9605,6
2016-08-13,34,731.524,5
2016-08-14,21,923.688,3
2016-08-15,32,1680.2659999999998,5
2016-08-16,10,204.54000000000002,3
2016-08-17,4,15.712,1
2016-08-18,26,496.114,4
2016-08-19,13,448.792,1
2016-08-20,2,14.78,1
2016-08-21,64,4798.2919999999995,5
2016-08-22,24,405.35,6
2016-08-23,73,4187.348,4
2016-08-26,69,4874.298,12
2016-08-27,46,767.9110000000001,4
2016-08-28,29,322.0248,3
2016-08-29,37,632.188,4
2016-08-30,34,1656.8700000000001,2
2016-08-31,2,23.968,1
2016-09-01,65,5766.152,6
2016-09-02,101,6792.193,10
2016-09-03,59,2365.596,9
2016-09-04,60,4532.0419999999995,8
2016-09-05,145,5226.348,19
2016-09-06,23,1313.536,5
2016-09-08,67,4493.9836000000005,10
2016-09-09,10,84.992,3
2016-09-10,35,2094.324,6
2016-09-11,67,6501.586,9
2016-09-12,47,2043.792,6
2016-09-13,46,2374.73,1
2016-09-14,9,1137.338,2
2016-09-15,27,2101.1820000000002,5
2016-09-16,10,425.88599999999997,3
2016-09-17,44,2043.126,9
2016-09-18,46,4751.082,8
2016-09-19,59,3839.312,9
2016-09-20,34,1232.004,5
2016-09-22,64,615.57,11
2016-09-23,51,1322.145,7
2016-09-24,47,2286.05,8
2016-09-25,73,3443.091,8
2016-09-26,58,2698.1665,10
2016-09-27,18,1992.9858,4
2016-09-28,4,99.136,1
2016-09-29,40,1307.792,8
2016-09-30,7,525.884,2
2016-10-01,28,781.414,5
2016-10-02,27,18452.972,3
2016-10-03,23,1680.696,4
2016-10-04,28,5912.782,4
2016-10-06,24,830.4000000000001,2
2016-10-07,21,973.712,5
2016-10-08,21,561.5360000000001,4
2016-10-09,15,546.92,3
2016-10-10,16,282.75300000000004,3
2016-10-11,5,33.064,1
2016-10-13,77,1650.618,4
2016-10-14,29,3335.888,4
2016-10-15,63,1620.15,3
2016-10-16,1,142.182,1
2016-10-17,19,2953.346,4
2016-10-18,5,307.92,1
2016-10-20,42,946.174,6
2016-10-21,91,7951.592,12
2016-10-22,16,188.28,3
2016-10-23,25,467.42199999999997,3
2016-10-24,18,1365.498,5
2016-10-25,5,783.96,1
2016-10-27,40,978.7900000000001,4
2016-10-28,70,2899.0209999999997,8
2016-10-29,12,131.154,3
2016-10-30,12,159.002,3
2016-10-31,34,3750.4990000000003,5
2016-11-01,17,453.374,3
2016-11-03,97,3802.7960000000003,8
2016-11-04,78,3888.8179999999998,10
2016-11-05,71,4266.8988,9
2016-11-06,16,773.2560000000001,3
2016-11-07,57,3810.464,11
2016-11-08,5,993.9000000000001,1
2016-11-09,3,479.97,1
2016-11-10,144,4723.478,14
2016-11-11,66,4944.296,9
2016-11-12,73,4914.938,5
2016-11-13,47,2945.138,9
2016-11-14,42,2774.0620000000004,9
2016-11-15,17,2145.718,4
2016-11-16,10,36.72,2
2016-11-17,15,142.684,3
2016-11-18,40,3958.9320000000002,8
2016-11-19,69,638.462,7
2016-11-20,87,3070.333,10
2016-11-21,42,1176.891,7
2016-11-22,44,317.044,4
2016-11-23,14,100.61599999999999,1
2016-11-24,94,6394.5380000000005,13
2016-11-25,53,7978.551,7
2016-11-26,77,8329.743,9
2016-11-27,57,1651.239,8
2016-11-28,48,3428.372,4
2016-11-29,6,300.592,2
2016-11-30,17,970.142,2
2016-12-01,89,7365.455,12
2016-12-02,78,4684.616,7
2016-12-03,60,5269.816,6
2016-12-04,24,944.2860000000001,4
2016-12-05,70,5267.004,9
2016-12-06,93,3878.276,4
2016-12-08,65,4709.095,8
2016-12-09,58,1855.483,9
2016-12-10,64,3459.71,8
2016-12-11,112,6102.25,9
2016-12-12,61,1981.115,5
2016-12-13,13,1194.088,3
2016-12-14,35,828.654,3
2016-12-15,19,2637.087,5
2016-12-16,20,628.5419999999999,5
2016-12-17,38,12185.134,5
2016-12-18,86,7051.35,9
2016-12-19,29,815.1120000000001,4
2016-12-20,14,134.54,3
2016-12-22,32,1043.128,4
2016-12-23,68,6965.857,8
2016-12-24,45,1938.26,5
2016-12-25,77,10488.055,7
2016-12-26,34,1829.418,7
2016-12-27,30,959.49,6
2016-12-29,48,1277.68,8
2016-12-30,25,773.774,6
2016-12-31,27,731.768,5
2017-01-01,56,1481.8280000000002,4
2017-01-02,26,2079.554,3
2017-01-03,17,2070.272,2
2017-01-06,7,33.74,1
2017-01-07,27,3395.59,3
2017-01-08,2,892.98,1
2017-01-09,3,274.491,1
2017-01-12,14,848.52,3
2017-01-13,19,4619.33,1
2017-01-14,70,1056.038,5
2017-01-15,31,2140.28,4
2017-01-16,25,6230.2919999999995,2
2017-01-19,22,2013.715,3
2017-01-20,21,767.838,5
2017-01-21,58,2546.643,4
2017-01-22,21,4212.372,2
2017-01-23,22,450.334,3
2017-01-24,11,418.66599999999994,2
2017-01-26,30,3055.2799999999997,4
2017-01-27,12,331.914,2
2017-01-28,20,1007.52,3
2017-01-29,31,294.842,5
2017-01-30,52,3749.335,6
2017-02-02,32,913.354,3
2017-02-03,19,922.327,3
2017-02-04,3,32.67,1
2017-02-05,19,2263.012,2
2017-02-06,19,904.354,4
2017-02-09,19,773.7639999999999,3
2017-02-10,6,227.103,2
2017-02-11,18,1241.516,4
2017-02-13,25,1058.43,4
2017-02-16,21,1337.442,3
2017-02-17,43,2964.8174,5
2017-02-18,8,287.326,1
2017-02-19,16,1314.59,3
2017-02-20,33,1150.29,4
2017-02-21,1,47.904,1
2017-02-23,16,117.79999999999998,2
2017-02-24,14,1448.676,2
2017-02-25,10,430.49199999999996,2
2017-02-26,38,2847.6459999999997,3
2017-02-28,3,17.62,1
2017-03-02,45,1450.126,6
2017-03-03,34,2000.1039999999998,5
2017-03-04,14,228.822,3
2017-03-05,28,1240.02,3
2017-03-06,40,778.236,5
2017-03-07,12,166.59,2
2017-03-08,17,843.1,2
2017-03-09,9,710.804,2
2017-03-10,24,1252.952,5
2017-03-11,19,1973.708,3
2017-03-12,19,353.28,3
2017-03-13,71,4791.35,8
2017-03-14,2,49.616,1
2017-03-16,44,2014.381,4
2017-03-17,56,542.746,4
2017-03-18,43,1027.758,6
2017-03-19,50,2166.248,5
2017-03-20,21,899.568,4
2017-03-21,45,3332.636,6
2017-03-23,33,14816.068,6
2017-03-24,17,1257.298,4
2017-03-25,46,3567.026,6
2017-03-26,39,3252.88,5
2017-03-27,38,2933.516,4
2017-03-28,35,1504.702,2
2017-03-29,5,81.4,1
2017-03-30,16,656.407,5
2017-03-31,63,4981.010799999999,8
2017-04-01,60,5972.988,6
2017-04-02,16,822.97,4
2017-04-03,7,32.528,2
2017-04-04,13,808.47,4
2017-04-06,8,114.41999999999999,2
2017-04-07,17,1971.2905,2
2017-04-08,32,6401.93,4
2017-04-09,38,1626.71,4
2017-04-10,29,755.529,5
2017-04-11,28,319.806,4
2017-04-12,9,69.66,1
2017-04-13,17,1345.8239999999998,3
2017-04-14,30,652.93,5
2017-04-15,19,332.338,6
2017-04-16,30,944.429,6
2017-04-17,61,3431.4590000000003,4
2017-04-20,44,2033.24,5
2017-04-21,30,1254.564,5
2017-04-22,8,947.692,3
2017-04-23,56,1199.222,7
2017-04-24,27,928.558,6
2017-04-25,36,678.113,6
2017-04-26,12,61.608000000000004,2
2017-04-27,24,576.5756,3
2017-04-28,8,795.296,3
2017-04-29,6,1053.26,2
2017-04-30,68,1390.1260000000002,12
2017-05-01,21,4108.37,3
2017-05-02,20,399.11,3
2017-05-03,39,1386.346,3
2017-05-04,28,1389.4050000000002,5
2017-05-05,26,185.123,4
2017-05-06,73,3183.3698,8
2017-05-07,18,2549.468,3
2017-05-08,23,3658.5540000000005,5
2017-05-09,21,1078.222,2
2017-05-11,28,449.469,4
2017-05-12,45,970.384,6
2017-05-13,37,3066.378,5
2017-05-14,83,4182.062,7
2017-05-15,15,421.264,3
2017-05-16,2,221.024,1
2017-05-18,59,1830.508,7
2017-05-19,86,4919.182,10
2017-05-20,52,2997.578,4
2017-05-21,8,538.02,1
2017-05-22,25,336.56199999999995,4
2017-05-23,14,241.436,2
2017-05-25,22,886.026,3
2017-05-26,9,270.24,3
2017-05-27,44,2084.908,6
2017-05-28,44,1480.103,7
2017-05-29,24,691.108,4
2017-05-30,21,736.8904,5
2017-06-01,45,5058.362,5
2017-06-02,20,135.70600000000002,4
2017-06-03,71,2952.036,6
2017-06-04,32,279.414,6
2017-06-05,7,491.11199999999997,2
2017-06-06,6,31.349999999999998,1
2017-06-08,32,2227.038,6
2017-06-09,21,939.1329999999999,3
2017-06-10,58,2513.3430000000003,9
2017-06-11,44,1580.894,6
2017-06-12,33,1679.968,6
2017-06-13,24,1156.018,3
2017-06-15,57,4057.51,7
2017-06-16,47,2724.194,6
2017-06-17,28,3896.672,5
2017-06-18,18,1031.1555,2
2017-06-19,58,2115.941,7
2017-06-20,31,1028.228,5
2017-06-21,26,595.656,2
2017-06-22,18,579.019,4
2017-06-24,43,1287.614,7
2017-06-25,18,1508.3519999999999,4
2017-06-26,85,4224.136,9
2017-06-27,17,1644.906,3
2017-06-29,52,4521.9912,7
2017-06-30,40,4721.977,8
2017-07-01,9,639.83,1
2017-07-02,9,169.192,1
2017-07-03,77,6963.4039999999995,11
2017-07-05,32,476.35400000000004,2
2017-07-06,9,380.37800000000004,3
2017-07-07,26,1620.25,4
2017-07-08,70,1980.2640000000001,7
2017-07-09,43,1671.214,5
2017-07-10,12,359.21399999999994,3
2017-07-11,34,1728.892,5
2017-07-12,1,3.816,1
2017-07-13,14,504.542,2
2017-07-14,55,3598.9339999999997,2
2017-07-15,29,2132.229,3
2017-07-16,7,316.636,3
2017-07-17,32,2191.873,4
2017-07-18,27,2106.794,2
2017-07-20,35,2283.208,4
2017-07-21,95,3685.944,10
2017-07-22,7,556.3140000000001,2
2017-07-23,41,898.188,8
2017-07-24,5,2399.96,1
2017-07-25,31,798.742,4
2017-07-26,8,2012.3020000000001,1
2017-07-27,30,1142.68,4
2017-07-28,9,1170.5639999999999,1
2017-07-29,37,1391.294,6
2017-07-30,18,523.376,3
2017-07-31,38,1558.028,7
2017-08-01,22,2085.65,5
2017-08-03,22,531.348,6
2017-08-04,6,20.07,1
2017-08-05,28,503.676,3
2017-08-06,34,1424.026,4
2017-08-07,56,3479.624,7
2017-08-10,22,1823.0700000000002,2
2017-08-11,36,708.726,3
2017-08-12,51,3693.084,4
2017-08-13,51,2643.164,4
2017-08-14,11,440.736,2
2017-08-15,16,1949.872,3
2017-08-16,7,80.564,1
2017-08-17,70,9517.287999999999,5
2017-08-18,69,7078.4839999999995,8
2017-08-19,9,512.446,4
2017-08-20,25,692.95,5
2017-08-21,95,8551.054,8
2017-08-22,3,524.54,2
2017-08-23,28,4590.344,1
2017-08-24,15,685.0560000000002,2
2017-08-25,12,361.988,4
2017-08-26,11,190.66,3
2017-08-27,82,6190.538,9
2017-08-28,35,1443.6319999999998,3
2017-08-29,25,235.46800000000002,3
2017-08-31,43,3162.83,8
2017-09-01,27,1261.81,5
2017-09-02,126,9354.854,14
2017-09-03,42,1595.849,8
2017-09-04,108,5360.202,16
2017-09-05,15,327.044,3
2017-09-07,85,3848.565,15
2017-09-08,57,2184.327,8
2017-09-09,101,4356.061,12
2017-09-10,56,2506.646,9
2017-09-11,97,5564.006,9
2017-09-12,32,491.54999999999995,4
2017-09-13,5,15.92,1
2017-09-14,66,4367.347,8
2017-09-15,110,7285.026,13
2017-09-16,34,849.65,7
2017-09-17,59,4979.226,6
2017-09-18,73,1511.93,8
2017-09-19,51,1648.188,7
2017-09-20,52,7359.918,1
2017-09-21,23,338.172,7
2017-09-22,91,7871.213,12
2017-09-23,65,2395.786,11
2017-09-24,92,6450.4619999999995,12
2017-09-25,52,1412.213,7
2017-09-26,26,1486.576,3
2017-09-28,21,559.271,5
2017-09-29,67,1944.08,9
2017-09-30,27,540.76,5
2017-10-01,64,2978.466,6
2017-10-02,116,5418.022,10
2017-10-03,30,2504.48,6
2017-10-04,1,19.98,1
2017-10-05,55,6684.616,5
2017-10-06,29,1499.652,6
2017-10-07,53,2749.21,5
2017-10-08,12,608.356,3
2017-10-09,45,1496.589,6
2017-10-10,3,239.358,1
2017-10-12,78,5635.354,10
2017-10-13,62,8405.802,6
2017-10-14,23,134.332,4
2017-10-15,28,1017.94,6
2017-10-16,39,3473.5969999999998,5
2017-10-17,9,126.352,3
2017-10-19,57,2781.8702000000003,9
2017-10-20,42,1333.858,7
2017-10-21,58,4537.201,10
2017-10-22,49,15158.877,6
2017-10-23,66,3352.3940000000002,5
2017-10-24,9,529.0849999999999,2
2017-10-26,38,999.868,5
2017-10-27,38,1086.32,6
2017-10-28,20,408.726,4
2017-10-29,8,46.96,1
2017-10-30,92,4025.7299999999996,7
2017-10-31,9,523.928,2
2017-11-01,25,2921.43,2
2017-11-02,105,6294.386,12
2017-11-03,86,4536.937,16
2017-11-04,58,10668.096,8
2017-11-05,62,2355.064,8
2017-11-06,91,4288.75,13
2017-11-07,50,2413.378,7
2017-11-08,15,384.1,2
2017-11-09,48,4751.492,7
2017-11-10,64,4007.5480000000002,9
2017-11-11,54,1815.2179999999998,12
2017-11-12,94,2911.386,14
2017-11-13,103,6633.4202000000005,14
2017-11-14,45,834.6579999999999,8
2017-11-15,8,559.2,1
2017-11-16,68,4755.234,12
2017-11-17,64,13694.8828,12
2017-11-18,83,1469.756,8
2017-11-19,114,7397.272,15
2017-11-20,68,2988.274,9
2017-11-21,41,2236.1839999999997,7
2017-11-22,8,35.712,1
2017-11-23,59,1153.109,9
2017-11-24,110,4959.641,15
2017-11-25,55,3666.157,8
2017-11-26,69,5048.1720000000005,8
2017-11-27,61,1618.254,7
2017-11-28,65,6912.944,5
2017-11-29,7,491.888,1
2017-11-30,60,6645.282,11
2017-12-01,149,5331.178,14
2017-12-02,152,9951.182,16
2017-12-03,70,1403.842,8
2017-12-04,64,2639.638,10
2017-12-05,75,1453.136,8
2017-12-06,1,10.68,1
2017-12-07,36,2916.514,7
2017-12-08,114,7643.041,9
2017-12-09,120,5470.39,15
2017-12-10,70,3873.5589999999997,11
2017-12-11,63,2823.965,11
2017-12-13,25,580.936,3
2017-12-14,74,3897.714,6
2017-12-15,20,306.88800000000003,3
2017-12-16,47,858.702,5
2017-12-17,38,2027.758,8
2017-12-18,86,3645.911,9
2017-12-19,18,1895.926,3
2017-12-20,13,377.736,2
2017-12-21,38,2140.94,8
2017-12-22,100,7442.021,11
2017-12-23,63,1926.776,7
2017-12-24,54,6233.054,11
2017-12-25,87,2698.927,10
2017-12-26,12,814.5939999999999,4
2017-12-27,6,177.636,1
2017-12-28,64,1657.3508000000002,10
2017-12-29,41,2915.534,6
2017-12-30,23,713.7900000000001,4
